0,"('AskReddit', 32568)",2.717652978545328
1,"('GlobalOffensiveTrade', 24819)",2.0710338146191507
2,"('The_Donald', 18165)",1.5157874709922587
3,"('Fireteams', 10795)",0.9007941508043729
4,"('RocketLeagueExchange', 10354)",0.863994686190688
5,"('news', 10093)",0.8422154112152419
6,"('videos', 9666)",0.80658418357342
7,"('funny', 9501)",0.7928156764050345
8,"('Showerthoughts', 7992)",0.6668964199377997
9,"('leagueoflegends', 7858)",0.6557147232071109
10,"('Overwatch', 6826)",0.5695989692812088
11,"('gaming', 6591)",0.5499892772535083
12,"('dirtykikpals', 6363)",0.5309637037117393
13,"('pics', 5983)",0.49925441447545743
14,"('GlobalOffensive', 5387)",0.44952089767328923
15,"('aww', 5250)",0.4380888644486297
16,"('politics', 5214)",0.43508482652098196
17,"('Ebay_deals', 5140)",0.4289098596697061
18,"('dirtypenpals', 4830)",0.4030417552927394
19,"('pokemongo', 4717)",0.39361241401984504
20,"('worldnews', 4646)",0.38768778366253975
21,"('news_etc', 4096)",0.3417927597679214
22,"('Music', 3986)",0.3326137549889977
23,"('DotA2', 3979)",0.33202963650306616
24,"('pcmasterrace', 3942)",0.32894215307742825
