0,"('reddit.com', 37942)",52.154668792698175
1,"('youtube.com', 13602)",18.697164222188622
2,"('imgur.com', 9338)",12.835915270312995
3,"('wikipedia.org', 778)",1.069430507635844
4,"('theguardian.com', 222)",0.3051588337984027
5,"('bbc.com', 189)",0.25979738553107257
6,"('twitter.com', 176)",0.2419277240924274
7,"('gfycat.com', 167)",0.22955642001951915
8,"('reuters.com', 157)",0.2158105266051767
9,"('facebook.com', 148)",0.20343922253226848
10,"('vimeo.com', 114)",0.1567031849235041
11,"('nytimes.com', 106)",0.14570647019203012
12,"('contrishare.com', 106)",0.14570647019203012
13,"('bbc.co.uk', 85)",0.11684009402191096
14,"('huffingtonpost.com', 84)",0.1154655046804767
15,"('independent.co.uk', 81)",0.11134173665617397
16,"('dailymotion.com', 77)",0.105843379290437
17,"('newsini.com', 74)",0.10171961126613424
18,"('washingtonpost.com', 72)",0.09897043258326574
19,"('rt.com', 68)",0.09347207521752876
20,"('cnn.com', 67)",0.09209748587609451
21,"('flickr.com', 67)",0.09209748587609451
22,"('dailymail.co.uk', 66)",0.09072289653466027
23,"('vid.me', 65)",0.08934830719322602
24,"('telegraph.co.uk', 63)",0.08659912851035753
