0,"('AskReddit', 27264)",2.777602321188794
1,"('GlobalOffensiveTrade', 20180)",2.0558984316897693
2,"('RocketLeagueExchange', 9451)",0.9628491614420223
3,"('Fireteams', 9129)",0.9300444391920666
4,"('news', 8419)",0.8577110454111084
5,"('videos', 8108)",0.8260269813746606
6,"('funny', 7833)",0.7980105260369654
7,"('Showerthoughts', 6668)",0.6793226334245481
8,"('leagueoflegends', 6545)",0.6667916370371426
9,"('Overwatch', 5831)",0.5940507311785452
10,"('gaming', 5444)",0.5546239376669526
11,"('dirtykikpals', 5370)",0.5470849642306274
12,"('pics', 4958)",0.5051112202337896
13,"('Ebay_deals', 4936)",0.5028699038067741
14,"('GlobalOffensive', 4448)",0.45315343033479155
15,"('aww', 4319)",0.44001116583092736
16,"('politics', 4276)",0.4356304109963059
17,"('dirtypenpals', 3988)",0.40628954140628337
18,"('worldnews', 3823)",0.3894796682036664
19,"('pokemongo', 3819)",0.3890721561260272
20,"('news_etc', 3501)",0.3566749459537107
21,"('AutoNewspaper', 3341)",0.34037446284814266
22,"('Music', 3316)",0.33782751236289765
23,"('pcmasterrace', 3315)",0.33772563434348785
24,"('DotA2', 3295)",0.3356880739552919
