0,"('AskReddit', 32568)",2.714
1,"('GlobalOffensiveTrade', 24819)",2.06825
2,"('The_Donald', 18194)",1.5161666666666667
3,"('Fireteams', 10795)",0.8995833333333333
4,"('RocketLeagueExchange', 10354)",0.8628333333333333
5,"('news', 10094)",0.8411666666666666
6,"('videos', 9666)",0.8055
7,"('funny', 9501)",0.79175
8,"('Showerthoughts', 7992)",0.666
9,"('leagueoflegends', 7858)",0.6548333333333333
10,"('Overwatch', 6828)",0.569
11,"('gaming', 6595)",0.5495833333333333
12,"('dirtykikpals', 6363)",0.53025
13,"('pics', 5983)",0.4985833333333333
14,"('GlobalOffensive', 5388)",0.449
15,"('aww', 5250)",0.43750000000000006
16,"('politics', 5221)",0.4350833333333333
17,"('Ebay_deals', 5140)",0.42833333333333334
18,"('dirtypenpals', 4830)",0.40249999999999997
19,"('pokemongo', 4717)",0.3930833333333333
20,"('worldnews', 4647)",0.38725
21,"('news_etc', 4096)",0.3413333333333333
22,"('Music', 3987)",0.33225
23,"('DotA2', 3980)",0.33166666666666667
24,"('pcmasterrace', 3943)",0.32858333333333334
