0,"('AskReddit', 27264)",2.7276028728669344
1,"('GlobalOffensiveTrade', 20180)",2.01889033063581
2,"('The_Donald', 15655)",1.5661906900943317
3,"('RocketLeagueExchange', 9451)",0.9455169729850865
4,"('Fireteams', 9129)",0.9133027665200353
5,"('news', 8436)",0.8439721917365558
6,"('videos', 8110)",0.8113578087936781
7,"('funny', 7840)",0.7843458965403742
8,"('Showerthoughts', 6668)",0.6670941885371449
9,"('leagueoflegends', 6545)",0.6547887618439732
10,"('Overwatch', 5833)",0.5835573487908167
11,"('gaming', 5446)",0.5448402745610814
12,"('dirtykikpals', 5370)",0.5372369214823737
13,"('pics', 4978)",0.49801962665535504
14,"('Ebay_deals', 4936)",0.4938177736381744
15,"('GlobalOffensive', 4448)",0.44499624334331445
16,"('aww', 4321)",0.43229064017231594
17,"('politics', 4279)",0.42808878715513543
18,"('dirtypenpals', 3988)",0.3989759483932414
19,"('worldnews', 3823)",0.38246866868288915
20,"('pokemongo', 3820)",0.38216853632451914
21,"('news_etc', 3501)",0.35025446221783807
22,"('AutoNewspaper', 3341)",0.3342474031047692
23,"('Music', 3316)",0.3317463001183522
24,"('pcmasterrace', 3315)",0.3316462559988955
