0,"('reddit.com', 6329)",38.43911327057394
1,"('imgur.com', 2625)",15.942909201336168
2,"('youtube.com', 1772)",10.762222897054357
3,"('wikipedia.org', 836)",5.077436987549347
4,"('twitter.com', 698)",4.239295475250531
5,"('sli.mg', 400)",2.4293956878226544
6,"('breitbart.com', 224)",1.3604615851806863
7,"('archive.is', 136)",0.8259945338597023
8,"('wikileaks.org', 72)",0.4372912238080778
9,"('facebook.com', 70)",0.4251442453689645
10,"('dailycaller.com', 67)",0.40692377771029453
11,"('thegatewaypundit.com', 67)",0.40692377771029453
12,"('politico.com', 62)",0.3765563316125114
13,"('pbs.twimg.com', 59)",0.3583358639538415
14,"('foxnews.com', 55)",0.33404190707561493
15,"('mobile.twitter.com', 49)",0.29760097175827516
16,"('thehill.com', 46)",0.27938050409960524
17,"('nytimes.com', 45)",0.2733070148800486
18,"('zerohedge.com', 43)",0.26116003644093533
19,"('dailymail.co.uk', 40)",0.24293956878226544
20,"('cnn.com', 36)",0.2186456119040389
21,"('washingtonexaminer.com', 33)",0.20042514424536895
22,"('google.com', 32)",0.19435165502581234
23,"('washingtonpost.com', 31)",0.1882781658062557
24,"('nypost.com', 28)",0.17005769814758578
