0,"('reddit.com', 542454)",55.23870234557818
1,"('imgur.com', 115448)",11.75619998818759
2,"('youtube.com', 80643)",8.211967601408528
3,"('twitter.com', 12858)",1.3093446352307188
4,"('gfycat.com', 6059)",0.6169948005026384
5,"('soundcloud.com', 3859)",0.39296632037294627
6,"('facebook.com', 2017)",0.20539338382799502
7,"('theguardian.com', 1924)",0.19592308898614894
8,"('nytimes.com', 1796)",0.1828887046876941
9,"('pinterest.com', 1791)",0.1823795490510357
10,"('washingtonpost.com', 1774)",0.18064841988639718
11,"('flickr.com', 1748)",0.17800081057577358
12,"('instagram.com', 1670)",0.17005798264390265
13,"('bbc.co.uk', 1574)",0.16028219442006153
14,"('independent.co.uk', 1482)",0.15091373070554714
15,"('reuters.com', 1219)",0.12413214421731578
16,"('silkyxxx.com', 1051)",0.10702451482559382
17,"('gleam.io', 1034)",0.10529338566095531
18,"('amazon.com', 939)",0.09561942856444587
19,"('eroshare.com', 888)",0.09042604107053027
20,"('streamable.com', 866)",0.08818575626923336
21,"('cnn.com', 844)",0.08594547146793644
22,"('dailymotion.com', 835)",0.08502899132195132
23,"('huffingtonpost.com', 828)",0.08431617343062958
24,"('clips.twitch.tv', 814)",0.08289053764798608
