0,"('reddit.com', 31864)",40.76974256614975
1,"('wikipedia.org', 18321)",23.441578381698143
2,"('youtube.com', 11328)",14.494088745585751
3,"('imgur.com', 7581)",9.699831107016736
4,"('theguardian.com', 167)",0.2136752136752137
5,"('bbc.com', 143)",0.18296739853626082
6,"('twitter.com', 142)",0.18168790623880443
7,"('gfycat.com', 136)",0.17401095245406623
8,"('reuters.com', 124)",0.1586570448845898
9,"('facebook.com', 99)",0.12666973744818055
10,"('nytimes.com', 95)",0.12155176825835508
11,"('contrishare.com', 87)",0.11131582987870413
12,"('vimeo.com', 82)",0.10491836839142228
13,"('independent.co.uk', 73)",0.09340293771431496
14,"('huffingtonpost.com', 70)",0.08956446082194586
15,"('newsini.com', 69)",0.08828496852448948
16,"('washingtonpost.com', 65)",0.083166999334664
17,"('dailymail.co.uk', 64)",0.08188750703720764
18,"('bbc.co.uk', 61)",0.07804903014483852
19,"('cnn.com', 57)",0.07293106095501305
20,"('jokpeme.com', 55)",0.0703720763601003
21,"('instagram.com', 54)",0.06909258406264394
22,"('flickr.com', 51)",0.06525410717027483
23,"('telegraph.co.uk', 51)",0.06525410717027483
24,"('yashnews.com', 47)",0.06013613798044935
